{"cameraMode":{"drawMode":0,"name":"Shaded","section":"Shading Mode"},"sceneLighting":true,"audioPlay":false,"sceneViewState":{"showFog":true,"showMaterialUpdate":false,"showSkybox":true,"showFlares":true,"showImageEffects":true,"showParticleSystems":true},"in2DMode":false,"pivot":{"x":0.43239569664001467,"y":-1.7603079080581666,"z":0.2170858383178711},"rotation":{"x":-0.29014524817466738,"y":0.3832952380180359,"z":-0.12824572622776032,"w":-0.8674135208129883},"size":2.9660251140594484,"orthographic":false}